cluster_leiden,size,share
0,1127,0.204574332909784
1,746,0.1354147758213832
2,722,0.1310582682882556
3,529,0.09602468687602106
4,515,0.09348339081502995
5,504,0.09148665819567979
6,441,0.08005082592121983
7,230,0.04174986385913959
8,217,0.03939008894536213
9,209,0.037937919767652935
10,176,0.03194772190960247
11,93,0.016881466690869488
