adjusted_rand_index,adjusted_mutual_info,homogeneity,completeness,v_measure,rows
0.22198391646328255,0.3303037223233825,0.2978581450331668,0.3905422559848283,0.3379608488103374,4921
