adjusted_rand_index,adjusted_mutual_info,homogeneity,completeness,v_measure,rows
0.1332072183273335,0.2625338747391813,0.28539968577930885,0.24877391607692176,0.26583117260650707,5243
