ari,ami,nmi,homogeneity,completeness,v_measure,rows,label_source
0.19667260190427993,0.30385474060613765,0.310894751776334,0.2727687545925535,0.3614105766054258,0.310894751776334,5509,primary_macro_tag_all_rows_after_remap
