metric,old_leiden,final,delta
ari_excluding_other,0.19667260190427993,0.2768398283612387,0.08016722645695878
ami,0.30385474060613765,0.3771557986073597,0.07330105800122205
v_measure_excluding_other,0.310894751776334,0.38709742673182684,0.07620267495549282
pairwise_f1_all,0.28461591272768244,0.3388263088979487,0.05421039617026624
pairwise_precision,0.2297050701876919,0.3518516488608496,0.12214657867315767
pairwise_recall,0.37402675757357035,0.3267309233380156,-0.04729583423555472
largest_cluster_share,0.204574332909784,0.12906153566890544,-0.07551279724087856
