exact,total_possible_pairs,pairs_evaluated,true_positive,false_positive,false_negative,true_negative,precision,recall,f1
False,15171786,1000000,38571,77919,142941,740569,0.3311099665207314,0.21249834721671296,0.25886403446956735
