subset,rows,cluster_count,largest_cluster_share,cluster_size_entropy,ari,ami,nmi,homogeneity,completeness,v_measure,pairwise_precision,pairwise_recall,pairwise_f1,pairwise_total_pairs,pairwise_model_positive_pairs,pairwise_label_positive_pairs,pairwise_true_positive,pairwise_false_positive,pairwise_false_negative,pairwise_true_negative,experiment,backend,method,params,k,resolution,seed,modularity,selected,split,selection_score
holdout,1102,20,0.12341197822141561,4.123901158558833,0.25632949762527535,0.3681561102296889,0.41968155555385017,0.40736792448038367,0.43276280521921123,0.4196815555538502,0.32832195546010073,0.30433236953121295,0.3158723325748724,606651,39111,42194,12841,26270,29353,538187,unsupervised_leiden_final,main_text_only_hybrid_features,leiden,k=75;resolution=2.0;seed=7,75,2.0,7,,True,holdout,0.36777694406436134
full_corpus_independent_validation,5509,20,0.12906153566890544,4.1162995996916205,0.2768398283612387,0.3771557986073597,0.3870974267318269,0.3753760324047868,0.399574434053087,0.38709742673182684,0.3518516488608496,0.3267309233380156,0.3388263088979487,15171786,1003511,1080666,353087,650424,727579,13440696,unsupervised_leiden_final,main_text_only_hybrid_features,leiden,k=75;resolution=2.0;seed=7,75,2.0,7,,True,full_corpus_independent_validation,0.36296186781488776
holdout,1102,16,0.12341197822141561,3.8605479197372174,0.3501475307106389,0.3899674958343634,0.43092928430382293,0.40533344646737884,0.45997564639522054,0.43092928430382293,0.4018595732346318,0.4271460397212874,0.4141171604838988,606651,44849,42194,18023,26826,24171,537631,semi_supervised_embedding,torch_linear_projection_contrastive,leiden,k=30;resolution=2.0;seed=42,30,2.0,42,0.6314889042597002,True,holdout,0.42252322239386086
full_corpus_label_guided,5509,16,0.12143764748593211,3.844611402726479,0.40298367821742226,0.42667233743037564,0.4340808197949147,0.4074789837406587,0.4643985925272103,0.43408081979491464,0.44920393744087195,0.47848271343782445,0.46338129080563445,15171786,1151103,1080666,517080,634023,563586,13457097,semi_supervised_embedding,torch_linear_projection_contrastive,leiden,k=30;resolution=2.0;seed=42,30,2.0,42,0.6314889042597002,True,full_corpus_label_guided,0.4487310553002746
