macro_tag,count,share
other,1830,0.3321836994009802
family_relationships,777,0.14104193138500634
everyday_life,657,0.1192593937193683
education_children,636,0.11544744962788164
politics_power,607,0.11018333635868578
work_professions,401,0.07278998003267381
it_internet,270,0.04901070974768561
character_cycles,247,0.04483572336177165
army_police,245,0.044472681067344345
animals,111,0.020148847340715193
