{
  "dataset_path": "data/processed/anekdots_tagged.csv",
  "dataset_row_count": 5509,
  "model_id": "BAAI/bge-m3",
  "normalized": true,
  "seed": 42,
  "text_hash_checksum": "1815e14751f4f65bb8439877e052b2e62824f050fea3940852dcba58310f78ad",
  "embedding_shape": [
    5509,
    1024
  ],
  "pca_shape": [
    5509,
    128
  ],
  "created_at": "2026-05-24T01:36:20.222534+00:00",
  "device": "cuda:0",
  "runtime_seconds": 124.072,
  "max_seq_length": 8192,
  "token_length_stats": {
    "min": 10,
    "median": 40.0,
    "mean": 58.91051007442367,
    "max": 1557
  },
  "truncated_text_count": 0,
  "pca_explained_variance_ratio_sum": 0.6721252799034119
}